Date,rstar (filtered),g (filtered),z (filtered),output gap (filtered),,All results are output from the Stage 3 model.,,,,,,,,,,,,,Standard Errors,Date,y*,r*,g,,rrgap,,Date,rstar (smoothed),g (smoothed),z (smoothed),output gap (smoothed)
1961-01-01,8.60747050172326,3.97642912787215,0.00345899552320317,-6.88156571874811,,Parameter Point Estimates,,,,,,,,,,,,,,1961-01-01,1.4921471849375,1.52565422073334,0.343995719223703,,-5.51917050172326,,1961-01-01,7.38751328485973,3.42528709412754,-0.0239628466619367,-6.39300911106477
1961-04-01,8.88995722309673,4.10527498311424,0.00715507700856777,-6.30186715063837,,a_1,a_2,a_3,b_1,b_2,b_3,b_4,b_5,c,sigma_1,sigma_2,sigma_4,a_1 + a_2,,1961-04-01,1.53822435675452,1.52029584752965,0.341131399032578,,-5.80165722309673,,1961-04-01,7.38085804104082,3.42479114525992,-0.0295449794995332,-5.7704052993447
1961-07-01,8.60886504513566,3.97560909435068,0.00662788914461635,-5.23260881572594,,1.4455775684107,-0.497142005226039,-0.0690282368122523,0.553680624178731,0.381210182044256,0.0375314968727336,0.00229380051406196,0.0391957042439773,2.16375326442803,0.346252028885178,0.760846930857985,0.584413224238715,0.948435563184661,,1961-07-01,1.58997269702442,1.51519502295915,0.338378365438805,,-5.52056504513566,,1961-07-01,7.3714760166964,3.42372598052858,-0.0366222501793747,-4.81606891459887
1961-10-01,8.39386576599551,3.87816098405701,0.00248227676473603,-4.14743822806929,,T Statistics,,,,,,,,,,,,,,1961-10-01,1.63672789169258,1.5105162538631,0.335695087330161,,-5.3055657659955,,1961-10-01,7.36126785488608,3.42245361790922,-0.044077333218521,-3.80526218425405
1962-01-01,8.05107533009143,3.72029118001924,0.00128314470198451,-3.02552349212135,,10.7422468733069,3.7414227253283,3.93281241219579,11.4957840070035,6.80909428514573,1.97838117186122,2.39830203634297,4.54321347664579,4.42721105070312,3.14525490508842,26.8781010059305,9.00780926701968,,,1962-01-01,1.66853928952628,1.50641828683389,0.333033167021147,,-4.96277533009143,,1962-01-01,7.35230613192507,3.42122949698979,-0.0503903605440383,-2.93761751463524
1962-04-01,7.18142288999271,3.32493381779789,-0.0129135122746329,-2.20533321370192,,,,,,,,,,,,,,,,1962-04-01,1.69089336500623,1.50331426268878,0.330338737061866,,-4.09312288999271,,1962-04-01,7.34822199038643,3.42054431372188,-0.0529919345500166,-2.36713201054624
1962-07-01,6.93701312621177,3.21433145465631,-0.0180070517545145,-1.54733150193397,,,,,,,,,,,,,,,,1962-07-01,1.7101094494183,1.50164103613778,0.327591868355857,,-3.84871312621177,,1962-07-01,7.3522798181991,3.42146804364103,-0.0509328303653511,-1.90355040731356
1962-10-01,6.22705068949431,2.89751480971067,-0.042456438745705,-1.21749661353533,,Average Standard Errors,,,,,,,,,,,,,,1962-10-01,1.75609438431913,1.50118603807114,0.32478336956709,,-3.13875068949431,,1962-10-01,7.36371961938582,3.42339459286483,-0.0436616063507152,-1.65095347076647
1963-01-01,6.19398747222414,2.88131692866831,-0.0404714380336468,-0.775181692035517,,y*,r*,g,,,,,,,,,,,,1963-01-01,1.79067410406717,1.50218148329225,0.321941398574118,,-3.10568747222414,,1963-01-01,7.38372597489044,3.42728611350889,-0.0320755413432714,-1.27621340230985
1963-04-01,6.162257678538,2.86606951807066,-0.0392095972650517,-0.31361443867695,,2.40337530045742,1.6431582600137,0.267405368978913,,,,,,,,,,,,1963-04-01,1.82017006647162,1.50376983341858,0.319106788879712,,-3.073957678538,,1963-04-01,7.4067110330487,3.43170499246675,-0.0186518469551995,-0.809049133395661
1963-07-01,6.63450798297062,3.07407981986255,-0.0170422623692997,0.4183451950978,,,,,,,,,,,,,,,,1963-07-01,1.80841187043635,1.50564567054962,0.316321779423689,,-3.11430798297062,,1963-07-01,7.43046353724205,3.43647539948238,-0.00522132651456218,-0.154725926588185
1963-10-01,6.34420540610502,2.94297873881562,-0.0236744471495657,0.870553354201888,,,,,,,,,,,,,,,,1963-10-01,1.84489272730462,1.50750625118856,0.313580269111046,,-2.73210540610502,,1963-10-01,7.45344049861307,3.44034822341606,0.00937579942741206,0.246845283690959
1964-01-01,6.74712673808933,3.12049689110397,-0.00485859667439515,1.45851979424947,,,,,,,,,,,,,,,,1964-01-01,1.82917701287557,1.51005763999914,0.310913600655869,,-3.13502673808933,,1964-01-01,7.47975853968537,3.44535934737793,0.024851004668757,0.818045653417357
1964-04-01,6.6744038269137,3.09297420919818,-0.0180292150305746,1.81508528379709,,Signal-to-noise Ratios,,,,Log Likelihood,,,,,,,,,,1964-04-01,1.84272277297676,1.51238125744415,0.308323205784245,,-3.0623038269137,,1964-04-01,7.50389321752408,3.44931540844483,0.040425742459689,1.20099993177757
1964-07-01,6.82602403117875,3.16116573934265,-0.0139586567219454,2.22517214477352,,lambda_g,0.0201816855162671,,,-521.562619713105,,,,,,,,,,1964-07-01,1.84472111529641,1.51519073934469,0.305817398235162,,-3.21392403117875,,1964-07-01,7.530385691512,3.45375316858837,0.0573159984502656,1.57243927001332
1964-10-01,6.54200352816398,3.04250919266333,-0.0412356695135947,2.29198763361092,,lambda_z,0.0344292058163986,,,,,,,,,,,,,1964-10-01,1.88538927547782,1.51827171415346,0.303390609119924,,-2.71160352816398,,1964-10-01,7.55799997595455,3.45794470057114,0.0758608418821471,1.78130849900015
1965-01-01,7.02910448218853,3.24898825233663,-0.000904454893171903,2.84835281291316,,,,,,,,,,,,,,,,1965-01-01,1.86221320555267,1.52170931271716,0.30109353591821,,-2.91880448218853,,1965-01-01,7.58645084351324,3.46315798982795,0.0930314377930017,2.38530683850661
1965-04-01,7.05463112197404,3.26105752961605,-0.001492753220289,3.21160919182387,,,,,,,,,,,,,,,,1965-04-01,1.8780575985823,1.52411300353201,0.298913411247802,,-2.83473112197404,,1965-04-01,7.6067505826568,3.46628485489163,0.106565412447597,2.91025592241851
1965-07-01,7.3886221581355,3.40481642424194,0.0214395054038395,3.72292599198306,,State vector: [y_{t}* y_{t-1}* y_{t-2}* g_{t-1} g_{t-2} z_{t-1} z_{t-2}],,,,,,,,,,,,,,1965-07-01,1.88571238834934,1.52604011282747,0.296864217748213,,-3.1717221581355,,1965-07-01,7.62212134214492,3.46898069444877,0.116103040293593,3.62734897791847
1965-10-01,7.69367864147409,3.53608947101632,0.0424535052529455,4.304672818678,,Initial State Vector,,,,,,,,,,,,,,1965-10-01,1.91543206661338,1.5266522132507,0.294939163220069,,-3.37807864147409,,1965-10-01,7.62707320631682,3.46968644466739,0.119527835126084,4.37578782062144
1966-01-01,8.03967006375825,3.6747406031793,0.0884380877028168,5.03282906072343,,814.534193805652,813.594100506055,812.654007206458,0.940093299597029,0.940093299597029,0,0,,,,,,,,1966-01-01,1.96165831729551,1.52613016470727,0.293117975495739,,-3.31317006375825,,1966-01-01,7.6230839964607,3.46853248996265,0.118035498529346,4.98291039535377
1966-04-01,7.85286012437846,3.57860428007752,0.109643431264607,5.30796698554661,,Initial Covariance Matrix,,,,,,,,,,,,,,1966-04-01,1.97645077131999,1.52517688056945,0.291346904100342,,-2.74566012437846,,1966-04-01,7.61566026554752,3.46583776346092,0.116442490881021,5.02456892100224
1966-07-01,7.88522697179936,3.5804629085191,0.137988665327674,5.37786730539108,,0.740383867981562,0.2,0,0.200138582051359,0.2,0,0,,,,,,,,1966-07-01,1.987755776063,1.52499433052995,0.289635251465561,,-2.24722697179936,,1966-07-01,7.61285157637967,3.46438121459173,0.116785414083667,4.96401359138963
1966-10-01,7.92126070130814,3.5878019746784,0.158142466476439,5.33809545821634,,0.2,0.2,0,0,0,0,0,,,,,,,,1966-10-01,1.99958263065095,1.52488336449505,0.287980735181637,,-2.12126070130814,,1966-10-01,7.61001874298269,3.46288017069963,0.117200469308278,4.83245791459979
1967-01-01,7.88120298254379,3.59842547082612,0.0950981232427931,4.94379430507161,,0,0,0.2,0,0,0,0,,,,,,,,1967-01-01,2.01230928960815,1.52480016344819,0.286379821573977,,-2.87590298254379,,1967-01-01,7.60701365136816,3.46125487882831,0.117712108285962,4.6370816027694
1967-04-01,7.71902228769063,3.5300741984956,0.0808127170226206,4.62837371102546,,0.200138582051359,0,0,0.200138582051359,0.2,0,0,,,,,,,,1967-04-01,2.01961326323715,1.52489042548577,0.284817439816443,,-3.59152228769063,,1967-04-01,7.60510604159681,3.45950729308823,0.119585842864587,4.30552314273598
1967-07-01,7.82280985235236,3.55767204837205,0.124885343922973,4.63155484478898,,0.2,0,0,0.2,0.2,0,0,,,,,,,,1967-07-01,2.03504804997804,1.52540094104076,0.283312459281133,,-3.79780985235236,,1967-07-01,7.60566909693722,3.45862682378272,0.122054016539026,4.20664074795661
1967-10-01,7.8397687215888,3.55156520978899,0.155057905078857,4.68096635578786,,0,0,0,0,0,0.229817648562625,0.2,,,,,,,,1967-10-01,2.05569819782427,1.52563800659729,0.281863339813835,,-3.5174687215888,,1967-10-01,7.60377797384397,3.45724232503159,0.123158607138117,4.26476062151153
1968-01-01,8.14859570482611,3.6606154766839,0.227927017335544,5.10115469586844,,0,0,0,0,0,0.2,0.2,,,,,,,,1968-01-01,2.09388745314412,1.52543019091837,0.280492295891321,,-3.19579570482611,,1968-01-01,7.59774087572983,3.45555781763905,0.120766367393535,4.63694979812226
1968-04-01,8.31310837080198,3.71732517466008,0.269733889190746,5.4827817328727,,,,,,,,,,,,,,,,1968-04-01,2.13220791008404,1.52418899036341,0.279184410719518,,-2.07350837080198,,1968-04-01,7.5835573771414,3.45196407825324,0.114358834132653,4.92773724576966
1968-07-01,8.26955840259735,3.69754870783883,0.268975315629439,5.50628545967822,,,,,,,,,,,,,,,,1968-07-01,2.14005844180603,1.52262408874041,0.277921752356275,,-2.05895840259735,,1968-07-01,7.56652791728024,3.44741858706362,0.107164695671461,4.9054023924773
1968-10-01,8.19962578534761,3.66463554436196,0.270258663295435,5.29990318134969,,,,,,,,,,,,,,,,1968-10-01,2.13830232974447,1.52127815267117,0.276700716985599,,-2.09292578534761,,1968-10-01,7.55053357425629,3.44308089728505,0.100556043065978,4.71460662952211
1969-01-01,8.37175868817003,3.74150611563978,0.276062616577037,5.21273009252354,,,,,,,,,,,,,,,,1969-01-01,2.1652623877504,1.51989919701104,0.275532594563837,,-1.53215868817003,,1969-01-01,7.53350676873612,3.43894561732862,0.0924769630508438,4.66218806100437
1969-04-01,8.28724357293096,3.69935516650535,0.282751755126304,5.01168738670492,,,,,,,,,,,,,,,,1969-04-01,2.16345910497606,1.51812165729296,0.274386161658571,,0.311356427069041,,1969-04-01,7.51316050267934,3.43351643065038,0.083878117392307,4.33870488831735
1969-07-01,8.29535998356723,3.70705916576126,0.274198612223455,4.64239272056261,,,,,,,,,,,,,,,,1969-07-01,2.16349569564001,1.51682468010215,0.273263485388975,,1.07564001643277,,1969-07-01,7.49586911279929,3.42873640611764,0.076929521199014,3.87666587689398
1969-10-01,8.07008574324083,3.62579216976282,0.22476609977894,3.87671137488212,,,,,,,,,,,,,,,,1969-10-01,2.13780935049195,1.51596323499226,0.272143549316491,,1.26241425675917,,1969-10-01,7.48158235701228,3.42399614972853,0.0728995106481767,3.06656522367484
1970-01-01,7.95872946268801,3.59206541204105,0.186386201345167,3.03933792622058,,,,,,,,,,,,,,,,1970-01-01,2.1282457434305,1.51605245723158,0.271032169181863,,1.06277053731199,,1970-01-01,7.47379128747932,3.42068021451645,0.0722833067549685,2.25597765850682
1970-04-01,7.92662344016209,3.58126392710221,0.177651927116338,2.36437266683834,,,,,,,,,,,,,,,,1970-04-01,2.13166217475684,1.51660108518162,0.269935146263965,,0.331476559837909,,1970-04-01,7.46854258703274,3.41790344003991,0.0730428611465962,1.57905478643443
1970-07-01,7.99895740256411,3.62301495800195,0.159646960115824,1.90713398759374,,,,,,,,,,,,,,,,1970-07-01,2.14553304349355,1.51735202589581,0.268861367526957,,-0.989357402564115,,1970-07-01,7.46372040350726,3.41522304421358,0.0740203928402901,1.0945683773798
1970-10-01,7.72966290675367,3.48541348160071,0.188088108058667,1.42664052257419,,,,,,,,,,,,,,,,1970-10-01,2.13563696007082,1.51839707928811,0.267788628006576,,-1.95916290675367,,1970-10-01,7.46026651549125,3.41204151056365,0.0774505586452243,0.485275497009866
1971-01-01,8.144432897049,3.65727136172827,0.231000049210314,1.56771110749094,,,,,,,,,,,,,,,,1971-01-01,2.16933019764705,1.52004994149861,0.266775428934745,,-4.126832897049,,1971-01-01,7.45986835867497,3.41082384681965,0.0796871257299885,0.670354274466831
1971-04-01,8.00036341843857,3.60495479749688,0.200130707239204,1.65616403569288,,,,,,,,,,,,,,,,1971-04-01,2.16705593781062,1.52065980561833,0.265782342455992,,-3.25366341843857,,1971-04-01,7.4510967224579,3.40662143006795,0.080008482477891,0.688522777246021
1971-07-01,7.8618704408969,3.58119094826581,0.113056836046643,1.588745639693,,,,,,,,,,,,,,,,1971-07-01,2.15442504389171,1.52193815594065,0.264820771325731,,-2.1662704408969,,1971-07-01,7.44740097391248,3.40342462929702,0.0832298220362952,0.75210270005357
1971-10-01,7.533361560557,3.51590975703168,-0.0741996536546476,1.12798317138447,,,,,,,,,,,,,,,,1971-10-01,2.13343243758157,1.52356840922281,0.263895193583066,,-2.666361560557,,1971-10-01,7.44662455799898,3.40069118470333,0.0883679057855171,0.797004737181283
1972-01-01,7.74758398654592,3.58430522404146,-0.00796814268022504,1.51094482375026,,,,,,,,,,,,,,,,1972-01-01,2.13526528407377,1.525243850116,0.263030904280663,,-4.05948398654592,,1972-01-01,7.44572501072675,3.39873392045695,0.0917033954157414,1.23918232794756
1972-04-01,7.82080586076623,3.66190298412446,-0.102648675151819,1.78876049434109,,,,,,,,,,,,,,,,1972-04-01,2.15358833699503,1.52585083760181,0.262225880889105,,-3.36080586076623,,1972-04-01,7.43606842060151,3.3950911018681,0.0899289659038623,1.89709216096878
1972-07-01,7.70770396404401,3.6269934273736,-0.140214904494619,2.09616101320171,,,,,,,,,,,,,,,,1972-07-01,2.14739815675729,1.52569315004827,0.261466253283549,,-2.79940396404401,,1972-07-01,7.42024261480108,3.38981259816203,0.0855245397287437,2.38055773906081
1972-10-01,7.72230178381524,3.66282817531628,-0.203154637564322,2.30539162248078,,,,,,,,,,,,,,,,1972-10-01,2.16340050768526,1.52529308358705,0.260768023452544,,-2.36230178381524,,1972-10-01,7.40215702653285,3.38473566289225,0.0784241867237808,2.97770106578071
1973-01-01,7.90976078054262,3.75675240292338,-0.218924494930677,2.76703533540842,,,,,,,,,,,,,,,,1973-01-01,2.21320014090737,1.52386479073094,0.260131043225007,,-1.08836078054262,,1973-01-01,7.37578215122891,3.37840520000909,0.0657468711486038,3.63489979687495
1973-04-01,8.00137756679382,3.74482345011138,-0.101496398091322,3.3175313197371,,,,,,,,,,,,,,,,1973-04-01,2.21828795386345,1.52155648694612,0.259529759127815,,0.236622433206183,,1973-04-01,7.34267623007265,3.37013652701407,0.0505323181778272,3.79902705049551
1973-07-01,7.77733260339396,3.63783964512194,-0.0940548042043281,3.05585710932326,,,,,,,,,,,,,,,,1973-07-01,2.17650999032422,1.51964648434088,0.25894502125612,,3.48026739660604,,1973-07-01,7.31317987355931,3.36221124036284,0.0381843265276041,3.39966586117168
1973-10-01,7.90109402698396,3.67824318122101,-0.0577166637431339,2.72354352451976,,,,,,,,,,,,,,,,1973-10-01,2.18018122420119,1.51840420089307,0.258380649877833,,2.74360597301604,,1973-10-01,7.28933902835517,3.35612322100674,0.0275164530791245,2.93239922065584
1974-01-01,7.77723483076784,3.58603755084391,0.0179343737678318,2.13759571362004,,,,,,,,,,,,,,,,1974-01-01,2.15818904958644,1.5172391239383,0.257810572942721,,2.13816516923216,,1974-01-01,7.26622872037609,3.34943655196493,0.0188744470674165,1.98392639090821
1974-04-01,7.98635032174988,3.59122201627808,0.215831960742377,1.86415673208626,,,,,,,,,,,,,,,,1974-04-01,2.16123431012017,1.51703769521352,0.257236010280885,,4.01474967825012,,1974-04-01,7.2506362589786,3.34455367354311,0.0138473297949464,1.09191005640389
1974-07-01,7.99628642040977,3.50362940816909,0.415296851137865,1.43235566793282,,,,,,,,,,,,,,,,1974-07-01,2.15457173632999,1.51747941278949,0.25664945198652,,5.02631357959024,,1974-07-01,7.23987917575492,3.33989218025809,0.0131765678838393,-0.0619115931523311
1974-10-01,7.91956542708386,3.47656020389703,0.397146936921087,0.430496112455899,,,,,,,,,,,,,,,,1974-10-01,2.16398941138655,1.51917289600969,0.256062078420751,,1.97973457291614,,1974-10-01,7.23878654467451,3.33714919869819,0.0180190721079312,-1.24064048994751
1975-01-01,7.52707110653164,3.3810390648535,0.211336792796183,-0.991436072677288,,,,,,,,,,,,,,,,1975-01-01,2.18514002470011,1.52180345417853,0.255479606922624,,-0.935271106531641,,1975-01-01,7.24444551187207,3.33526914211149,0.0277460178822726,-2.37843692415265
1975-04-01,7.37526659801851,3.41443995883733,-0.0127390091092606,-1.97506119609625,,,,,,,,,,,,,,,,1975-04-01,2.19143281255259,1.52527386472287,0.254931477993082,,-1.72006659801851,,1975-04-01,7.25543046288952,3.33514445646482,0.0390007578747162,-2.74358293482339
1975-07-01,7.47946147160706,3.47782938861094,-0.045703221123589,-1.91388837554155,,,,,,,,,,,,,,,,1975-07-01,2.19212877662475,1.52833333213775,0.254431860687018,,-1.05336147160706,,1975-07-01,7.26131989084576,3.33411861352562,0.0471098568394397,-2.48552231476515
1975-10-01,7.52483419369852,3.48884376783873,-0.0241628980419232,-1.52399584831358,,,,,,,,,,,,,,,,1975-10-01,2.19570295645604,1.5308650884038,0.253974750970028,,-1.89413419369852,,1975-10-01,7.26162022721792,3.33168938794398,0.0526664379939089,-2.06729021695241
1976-01-01,7.6389248669265,3.55973015300861,-0.0634528721287783,-1.06165145168518,,,,,,,,,,,,,,,,1976-01-01,2.21348601655949,1.53304201155674,0.253554735558981,,-2.6384248669265,,1976-01-01,7.25893538768425,3.32879567695999,0.0562428750481578,-1.51461879581461
1976-04-01,7.33430025793419,3.5113969450556,-0.263496344632465,-1.0719284727312,,,,,,,,,,,,,,,,1976-04-01,2.20340489742627,1.5348542729536,0.253147513704515,,-1.92790025793419,,1976-04-01,7.25438577233388,3.32467051389742,0.0606190947407302,-1.2740400895234
1976-07-01,7.27592933267842,3.46139254514204,-0.213670086339506,-0.729817351237216,,,,,,,,,,,,,,,,1976-07-01,2.18850304804148,1.53725189735206,0.252749758391378,,-1.77292933267842,,1976-07-01,7.25643224620453,3.32174727411373,0.0689907382360506,-1.1661690027347
1976-10-01,7.24077910446463,3.43368307942425,-0.188863867650883,-0.509279303567268,,,,,,,,,,,,,,,,1976-10-01,2.1807503693952,1.54007256455812,0.252364437486629,,-2.18457910446463,,1976-10-01,7.26353783764113,3.3198982551531,0.0800971504846878,-1.02723451974748
1977-01-01,7.29610214334002,3.44018442494459,-0.147608136368307,-0.182211361403802,,,,,,,,,,,,,,,,1977-01-01,2.17827725568389,1.54293969080086,0.251997562931182,,-2.44010214334002,,1977-01-01,7.27200146959958,3.31851226812749,0.0915597163942672,-0.709994617183042
1977-04-01,7.37082714954756,3.49463722155583,-0.190705546585555,0.168851850487385,,,,,,,,,,,,,,,,1977-04-01,2.18221021161064,1.5453743266378,0.251654051996096,,-2.00282714954756,,1977-04-01,7.27764877942834,3.31674926790006,0.101021723720309,-0.180575485501663
1977-07-01,7.50570619598803,3.52964024390434,-0.131564404016537,0.794482596469948,,,,,,,,,,,,,,,,1977-07-01,2.18747277103161,1.54718570506062,0.251332065373469,,-1.40990619598803,,1977-07-01,7.27915432986542,3.31381284345079,0.108880972145242,0.253105753392333
1977-10-01,7.21977126157536,3.44340165422808,-0.230900308497533,0.720240243431249,,,,,,,,,,,,,,,,1977-10-01,2.17697220592018,1.54906097184079,0.251033154192969,,-0.39227126157536,,1977-10-01,7.28200160815777,3.31039964816045,0.119113562889213,0.274511588874589
1978-01-01,7.1186925838498,3.40508833494602,-0.249078416555457,0.588491512628707,,,,,,,,,,,,,,,,1978-01-01,2.18229089725225,1.55158276386164,0.250776540277762,,-0.00259258384979688,,1978-01-01,7.28999554452864,3.30862737970969,0.130942250905849,0.430055592770373
1978-04-01,7.69251802165918,3.61640814502154,-0.13249690763529,1.29504254515211,,,,,,,,,,,,,,,,1978-04-01,2.20682769558571,1.55329419794521,0.250564430599439,,-0.0138180216591755,,1978-04-01,7.29051791792482,3.30676116053994,0.135502662122715,1.25155016729411
1978-07-01,7.67406341028592,3.59755068810517,-0.11014863504693,1.65080692685058,,,,,,,,,,,,,,,,1978-07-01,2.22235502409232,1.55326726258043,0.2503621466697,,0.888836589714078,,1978-07-01,7.27503706433958,3.30039398709298,0.133798800868508,1.57272258967498
1978-10-01,7.79825190643592,3.62577426653302,-0.0470289988540481,1.8783261796433,,,,,,,,,,,,,,,,1978-10-01,2.24238000960821,1.55325655502173,0.250189445299081,,2.39244809356408,,1978-10-01,7.25932895606961,3.29417622201543,0.131544402082541,1.67126946651399
1979-01-01,7.46037191723998,3.58808977698635,-0.303369050775066,1.12739519709771,,,,,,,,,,,,,,,,1979-01-01,2.24224924627046,1.55315571620462,0.25004368067713,,3.28822808276002,,1979-01-01,7.24276828610261,3.28735186755512,0.129749951356639,1.35487875942192
1979-04-01,7.72324446407235,3.55753996640876,0.025605748422225,1.2864762100703,,,,,,,,,,,,,,,,1979-04-01,2.2464606556499,1.55348131680364,0.249930575956786,,3.15335553592765,,1979-04-01,7.22945349661427,3.28130886000174,0.129510739188888,0.855852228007507
1979-07-01,7.73566811876715,3.58578397659583,-0.0230836661258016,0.720645942639521,,,,,,,,,,,,,,,,1979-07-01,2.26699797011893,1.55392145189578,0.249848145594198,,3.97223188123285,,1979-07-01,7.21646402073766,3.27555989771491,0.128960599227482,0.400726208164997
1979-10-01,7.76066899588998,3.57441073304631,0.0265261038544577,0.294857747238552,,,,,,,,,,,,,,,,1979-10-01,2.28221390093517,1.55429747949685,0.249791093716222,,6.99173100411002,,1979-10-01,7.20205358793623,3.26918664449269,0.128340313890665,-0.204750513693966
1980-01-01,7.96387164361586,3.57661754511711,0.224953754758159,0.033706037863567,,,,,,,,,,,,,,,,1980-01-01,2.29738192618276,1.55500137164326,0.249762712081128,,8.44242835638414,,1980-01-01,7.19011981993886,3.26306366016622,0.129655173217742,-1.06039220512309
1980-04-01,7.59191118497105,3.43017693268683,0.169854649304192,-1.31980699475662,,,,,,,,,,,,,,,,1980-04-01,2.29862282607937,1.55653608256477,0.249761909919626,,6.12348881502895,,1980-04-01,7.18417670575303,3.25723511006313,0.136323603344339,-2.48523127300427
1980-07-01,7.63480540104927,3.44451333002921,0.181728438832698,-2.44505316114748,,,,,,,,,,,,,,,,1980-07-01,2.32494859797846,1.55927189048489,0.249796951498569,,2.76539459895073,,1980-07-01,7.18657092562341,3.25417842069636,0.14533174481042,-3.40671511244238
1980-10-01,8.07626980347961,3.56052857098953,0.372164484911758,-2.49165200066045,,,,,,,,,,,,,,,,1980-10-01,2.35299842266388,1.56148507359774,0.249843238905515,,9.34863019652039,,1980-10-01,7.18068506902943,3.25014547081903,0.148172196678786,-3.50962568376531
1981-01-01,8.29073681415704,3.65926009602673,0.373000835987971,-2.60190790621709,,,,,,,,,,,,,,,,1981-01-01,2.41159532391365,1.56256358379245,0.249881378297476,,9.87716318584296,,1981-01-01,7.16135207995059,3.24312654277021,0.144026436078352,-3.54749593514578
1981-04-01,7.95689835606748,3.5816763414448,0.207034480141665,-3.63534018324526,,,,,,,,,,,,,,,,1981-04-01,2.42000457905199,1.56330250736456,0.249903758443377,,11.7269016439325,,1981-04-01,7.13670131914095,3.23406216959814,0.13898874230977,-4.31216192481406
1981-07-01,8.14557731847663,3.67021517269654,0.204137257401208,-4.38954904330103,,,,,,,,,,,,,,,,1981-07-01,2.48504900562115,1.56428298091704,0.249907369890543,,11.5288226815234,,1981-07-01,7.11469409047171,3.22627259697771,0.13383622682649,-5.07733175597764
1981-10-01,7.88068578992525,3.5937581360669,0.104679891445708,-5.66210036520704,,,,,,,,,,,,,,,,1981-10-01,2.49701521552671,1.56498434321795,0.249872677682609,,6.93341421007475,,1981-10-01,7.09066499407154,3.21685429885977,0.130186003724377,-6.44618289281755
1982-01-01,7.45568606569075,3.49376751330033,-0.103964796365445,-7.29852210128502,,,,,,,,,,,,,,,,1982-01-01,2.50694947095397,1.56673527415054,0.249813356474957,,8.10141393430925,,1982-01-01,7.07701419266777,3.20931220741988,0.132854427294293,-7.84943663558602
1982-04-01,7.44661970448688,3.52579502656784,-0.182330793953389,-8.22119340449467,,,,,,,,,,,,,,,,1982-04-01,2.54177389539041,1.5691406532208,0.24973477725609,,8.43078029551312,,1982-04-01,7.07047783470605,3.20379148136745,0.13826355835051,-8.667671183724
1982-07-01,7.48569406779603,3.47052844579128,-0.023673186075176,-8.57560292415383,,,,,,,,,,,,,,,,1982-07-01,2.56253135589891,1.5715790899886,0.249632825960398,,4.27710593220397,,1982-07-01,7.0643850130788,3.19774757098435,0.145248267544617,-9.44266792676092
1982-10-01,7.37634589485252,3.43947697230101,-0.0658336318888224,-9.10493883353593,,,,,,,,,,,,,,,,1982-10-01,2.58176358163662,1.57451742061845,0.24951201647128,,2.50915410514748,,1982-10-01,7.06292186514,3.1927580438684,0.154581225190908,-9.86284463934987
1983-01-01,7.44689557139453,3.47150970947086,-0.0645948949666543,-9.03254977625261,,,,,,,,,,,,,,,,1983-01-01,2.5955605383372,1.57740867331575,0.249368197013351,,1.73030442860547,,1983-01-01,7.06073592562544,3.18809012998755,0.162495499574097,-9.60222322063032
1983-04-01,7.32935423550794,3.54493427142565,-0.341008866472119,-8.9734267599307,,,,,,,,,,,,,,,,1983-04-01,2.61557094073765,1.57952453980241,0.249190340685333,,2.03364576449206,,1983-04-01,7.05121351365199,3.18223962277348,0.165632141683656,-8.81260185867814
1983-07-01,7.74679423547327,3.56687629335204,0.0289540119218385,-7.53813121617168,,,,,,,,,,,,,,,,1983-07-01,2.6323322357811,1.58068273443171,0.248969670649207,,2.32210576452673,,1983-07-01,7.03300973499099,3.17454759442482,0.164072014472149,-7.90819975664181
1983-10-01,7.56062306495802,3.60823381543949,-0.246704632018782,-7.29806761386669,,,,,,,,,,,,,,,,1983-10-01,2.65685512584207,1.58103665437449,0.248705436486174,,2.48467693504198,,1983-10-01,7.00851621697418,3.16576248441308,0.158587306921595,-6.99098706659868
1984-01-01,7.69317568965669,3.6355280246479,-0.173209941594799,-6.47608493200005,,,,,,,,,,,,,,,,1984-01-01,2.68267955047006,1.58050225273547,0.248397634852425,,2.64352431034331,,1984-01-01,6.97752237757813,3.15576324624114,0.149229351761871,-6.18077704322161
1984-04-01,7.85461582610795,3.6525331908907,-0.0485647891135172,-5.66693109194694,,,,,,,,,,,,,,,,1984-04-01,2.70209717208243,1.57920767158871,0.248052790577906,,3.51798417389205,,1984-04-01,6.94147614141336,3.14475996517275,0.136991500928248,-5.55217824879969
1984-07-01,7.74745873755105,3.63036831886402,-0.107762563467067,-5.45093531433565,,,,,,,,,,,,,,,,1984-07-01,2.70355479930697,1.57744963575092,0.247682980084434,,4.52644126244895,,1984-07-01,6.90289888930728,3.1330853126328,0.123675316366547,-5.22940700177253
1984-10-01,7.61136777798729,3.61611690220358,-0.21301697370908,-5.54667787909943,,,,,,,,,,,,,,,,1984-10-01,2.70778118837359,1.57554130361204,0.247300088055762,,2.24673222201271,,1984-10-01,6.86444642790681,3.12160191972281,0.110070083861783,-5.1020225960998
1985-01-01,8.03071051847792,3.60642661738434,0.227293152192427,-4.66498638955841,,,,,,,,,,,,,,,,1985-01-01,2.71200956098586,1.57344440157687,0.246913060677298,,0.930589481522079,,1985-01-01,6.82501130555212,3.11011900032738,0.0954811658341173,-4.99067171768422
1985-04-01,7.85112932884382,3.59490294263328,0.0726463514191239,-4.80418362446756,,,,,,,,,,,,,,,,1985-04-01,2.70813667380486,1.5711541093234,0.246531967117433,,0.551370671156183,,1985-04-01,6.78369513499658,3.09831304755269,0.0797101641344945,-4.79646885779664
1985-07-01,8.00952610103984,3.61802316204385,0.181016673391238,-4.28773756598514,,,,,,,,,,,,,,,,1985-07-01,2.70798191951836,1.56863784960964,0.246163491437948,,0.356373898960163,,1985-07-01,6.74042312837254,3.08639231765191,0.0622316757476267,-4.44759965646199
1985-10-01,7.73260566413137,3.58550251667092,-0.0255371109302375,-4.38900925164501,,,,,,,,,,,,,,,,1985-10-01,2.69033399084794,1.56588380468152,0.245812651058909,,0.902794335868633,,1985-10-01,6.69491028657501,3.07372105978397,0.0441363095262574,-4.22553493188911
1986-01-01,7.79649775389355,3.56679030883534,0.0788435796208188,-3.9679465509671,,,,,,,,,,,,,,,,1986-01-01,2.6726043468752,1.56325812356212,0.24547939055524,,0.418502246106453,,1986-01-01,6.651356641287,3.06158668504438,0.0268384571928302,-4.05061124197152
1986-04-01,7.51945419636612,3.52265495290336,-0.102701957432088,-4.16600514269851,,,,,,,,,,,,,,,,1986-04-01,2.64937372362541,1.56073977869676,0.245164301562191,,-0.210754196366125,,1986-04-01,6.60938701365696,3.04965431972056,0.0106875239845626,-3.98504275938558
1986-07-01,7.48064892588463,3.51256984019607,-0.11968553237107,-4.00252304419735,,,,,,,,,,,,,,,,1986-07-01,2.63158820792284,1.55841826669006,0.244866720395295,,-0.968148925884626,,1986-07-01,6.57010637314168,3.03850009024096,-0.00445811608204465,-3.83858400007796
1986-10-01,7.45543283105966,3.46555883672224,-0.0431814149654948,-3.65901752034483,,,,,,,,,,,,,,,,1986-10-01,2.60742156826361,1.55621175633085,0.244590355184264,,-0.738932831059659,,1986-10-01,6.53214511168823,3.02745071925035,-0.0185112649847003,-3.70917543473774
1987-01-01,7.22535102259973,3.43942001287229,-0.216705257991774,-3.7416355699678,,,,,,,,,,,,,,,,1987-01-01,2.58728098215838,1.55429067215829,0.244335062242373,,-0.785951022599731,,1987-01-01,6.49714319462117,3.01717354943685,-0.0312759223187223,-3.49401625301709
1987-04-01,7.345959590093,3.42862004717368,-0.0727282294624295,-3.17935118472997,,,,,,,,,,,,,,,,1987-04-01,2.57138127531498,1.55246658813356,0.244103207850934,,-0.362759590093002,,1987-04-01,6.46288538005233,3.0072624545579,-0.0440885729891795,-3.17451137564899
1987-07-01,7.31835514018755,3.40520010646771,-0.0496577062126163,-2.85023944690533,,,,,,,,,,,,,,,,1987-07-01,2.55773512004299,1.55065013755833,0.243897834163413,,-0.112655140187553,,1987-07-01,6.42779110239803,2.99725285996118,-0.0575245576592239,-2.83687479940932
1987-10-01,7.48867309990449,3.44133345075797,0.0424766118415547,-2.29290869236581,,,,,,,,,,,,,,,,1987-10-01,2.55188477023825,1.54874600075353,0.243719193459121,,-0.231273099904494,,1987-10-01,6.39106326957251,2.9873097262315,-0.0727379024185054,-2.39648606233197
1988-01-01,7.37383887141725,3.39338829457299,0.0313838715630867,-2.08524230105843,,,,,,,,,,,,,,,,1988-01-01,2.53943123049811,1.54670798678726,0.243572154399185,,-0.383038871417245,,1988-01-01,6.35133485708248,2.97638841544053,-0.0888352930327433,-2.18394271525665
1988-04-01,7.59556801874301,3.40731039010421,0.222989039235487,-1.49709228815209,,,,,,,,,,,,,,,,1988-04-01,2.53105077969419,1.54487305164858,0.243452573832252,,-0.0617680187430087,,1988-04-01,6.31256855985772,2.966121492864,-0.105386503016909,-1.89691300887705
1988-07-01,7.60985614259465,3.37102471760279,0.315790405414045,-1.19155635292509,,,,,,,,,,,,,,,,1988-07-01,2.51989199003186,1.54301801104718,0.243366060510704,,0.822543857405346,,1988-07-01,6.27133838475787,2.95521993342346,-0.123028393289912,-1.71979062300602
1988-10-01,7.67954744706914,3.39849660477253,0.326039324345001,-1.01852972497704,,,,,,,,,,,,,,,,1988-10-01,2.51674964426568,1.54125471345148,0.24331079938941,,1.29715255293086,,1988-10-01,6.22884691110203,2.94457302975652,-0.142482594380372,-1.45520362853347
1989-01-01,7.71603642982624,3.40326611410808,0.352208265707582,-0.875615990615756,,,,,,,,,,,,,,,,1989-01-01,2.51659946987218,1.53930052029881,0.243293498609816,,2.37506357017376,,1989-01-01,6.18132054010728,2.93292608416808,-0.16480784883753,-1.29425885922831
1989-04-01,7.57843790460399,3.40177495392511,0.217836243199033,-1.15257390699048,,,,,,,,,,,,,,,,1989-04-01,2.51851338186424,1.53733581888585,0.243314086720921,,2.78806209539601,,1989-04-01,6.1307011267192,2.92076917301522,-0.18912270603323,-1.27585991598016
1989-07-01,7.44341662147516,3.40721607458564,0.0710417174788378,-1.55088089375124,,,,,,,,,,,,,,,,1989-07-01,2.52323706130443,1.53540146159556,0.243373111484807,,2.19898337852484,,1989-07-01,6.07753196896083,2.90829337618685,-0.215297317677878,-1.37386223834744
1989-10-01,7.42589388629414,3.37248433258102,0.128669902439574,-1.70797158822666,,,,,,,,,,,,,,,,1989-10-01,2.52313491309103,1.53356838518726,0.243472342307171,,1.73880611370586,,1989-10-01,6.02231646628588,2.89543877492214,-0.242698634903391,-1.59362555865562
1990-01-01,7.66223983871785,3.39925390288261,0.30709310973589,-1.51365995689866,,,,,,,,,,,,,,,,1990-01-01,2.52830600423261,1.53185804641509,0.243607750044005,,1.07536016128215,,1990-01-01,5.96586224668451,2.88281517363778,-0.271838496016879,-1.68466011520081
1990-04-01,7.66420278761723,3.36788054639574,0.376940261149796,-1.52083604865572,,,,,,,,,,,,,,,,1990-04-01,2.51970739428499,1.53014264414932,0.243780827859473,,1.04449721238277,,1990-04-01,5.90691548468165,2.86933751878612,-0.301622938337628,-1.9474735678333
1990-07-01,7.58041688107765,3.32122811743116,0.394098700075814,-1.70566501911992,,,,,,,,,,,,,,,,1990-07-01,2.49873298809855,1.52883023861394,0.243969257762644,,1.07038311892235,,1990-07-01,5.85203878951804,2.85646102334286,-0.328638074451502,-2.40021396044096
1990-10-01,7.14556163490642,3.21741193263629,0.183876062654953,-2.51215107975747,,,,,,,,,,,,,,,,1990-10-01,2.47527167023191,1.52815844722403,0.244151919108877,,1.06013836509358,,1990-10-01,5.80500858610079,2.84475452531315,-0.350338304541935,-3.09113921634423
1991-01-01,6.89571331837743,3.15183531748211,0.0759193612359754,-3.1588872473327,,,,,,,,,,,,,,,,1991-01-01,2.46927694359973,1.52827203402896,0.244311677255962,,-0.0572133183774337,,1991-01-01,5.76789894879394,2.83535832392708,-0.367116880426459,-3.63800345988409
1991-04-01,6.93051722971021,3.16138384970705,0.0900626047965295,-3.27065789646463,,,,,,,,,,,,,,,,1991-04-01,2.46147257232395,1.52874193026943,0.244462859964245,,-0.786417229710206,,1991-04-01,5.73455519339792,2.82717578598236,-0.382755642633287,-3.79686133175483
1991-07-01,7.00089274396316,3.1303192764025,0.227654190945253,-2.97129195118941,,,,,,,,,,,,,,,,1991-07-01,2.45784680926144,1.52930647710819,0.244623899251793,,-1.07389274396316,,1991-07-01,5.7010385844588,2.81870445149882,-0.397942373929596,-3.8337534127063
1991-10-01,6.85550295308117,3.08714024790126,0.175693163937668,-2.96121624280192,,,,,,,,,,,,,,,,1991-10-01,2.45950375421218,1.53016286550778,0.244786150424436,,-1.81470295308117,,1991-10-01,5.67047701405043,2.81077723000556,-0.411351392954076,-3.7852923554517
1992-01-01,6.84787102753735,3.09839418259847,0.143710500455092,-2.72624068509845,,,,,,,,,,,,,,,,1992-01-01,2.4557322176288,1.53120918361867,0.244947631471245,,-2.64547102753735,,1992-01-01,5.64186631675221,2.80356779775349,-0.424362657682202,-3.49370935062973
1992-04-01,6.81432518066354,3.08841388138456,0.131759562912858,-2.32833268036654,,,,,,,,,,,,,,,,1992-04-01,2.45337980584231,1.53223117149038,0.245116201458189,,-2.86752518066354,,1992-04-01,5.61226252729416,2.79600104379855,-0.437593858569129,-3.1339922020959
1992-07-01,6.63282757971525,3.07189019323342,-0.01398485385802,-2.12770782312555,,,,,,,,,,,,,,,,1992-07-01,2.45070476911071,1.53334342253941,0.245279444618922,,-3.21712757971525,,1992-07-01,5.58408234164641,2.78859102093417,-0.449740583054584,-2.77989771077944
1992-10-01,6.65594713785127,3.05374038007488,0.0484064217485655,-1.54432497222513,,,,,,,,,,,,,,,,1992-10-01,2.44565109848563,1.53459431781258,0.245423572352828,,-3.50224713785127,,1992-10-01,5.55898646716452,2.78162401905744,-0.459761584482422,-2.48610404847761
1993-01-01,6.51577714856549,2.97677490641323,0.0747707273464237,-1.18060447528842,,,,,,,,,,,,,,,,1993-01-01,2.44980108364608,1.53612245316298,0.245534183269387,,-3.32607714856549,,1993-01-01,5.53949278571386,2.77526606019151,-0.465498211681838,-2.39845477516349
1993-04-01,6.48131709972083,2.93883151808969,0.122410808850293,-0.816700500893376,,,,,,,,,,,,,,,,1993-04-01,2.45365771808314,1.53810107348515,0.24559548619182,,-3.37071709972083,,1993-04-01,5.52852692135718,2.77067890534763,-0.466538604770642,-2.27217609984325
1993-07-01,6.27248333665836,2.89868024345616,0.000454497347055605,-0.767226163774581,,,,,,,,,,,,,,,,1993-07-01,2.46049184044079,1.54035653711474,0.245620099071615,,-3.08638333665836,,1993-07-01,5.5227153060837,2.76699702359747,-0.464383536387965,-2.0963887946815
1993-10-01,6.25521630869586,2.91845768414713,-0.0596060324725583,-0.469124740548409,,,,,,,,,,,,,,,,1993-10-01,2.44530554582409,1.54277650503015,0.245620650120059,,-3.17611630869586,,1993-10-01,5.5200058668076,2.76415425705666,-0.460941930281381,-1.71880365159643
1994-01-01,6.15061483193559,2.90565226811985,-0.13649974850144,-0.187532552252833,,,,,,,,,,,,,,,,1994-01-01,2.43551512449641,1.54517346523983,0.245614612807732,,-2.80071483193559,,1994-01-01,5.51708305303223,2.76094623340277,-0.456923372403274,-1.36324940336385
1994-04-01,6.29653443593313,2.91702854695932,-0.0151956049798426,0.467308103153641,,,,,,,,,,,,,,,,1994-04-01,2.41747558267109,1.547642221358,0.245600749572014,,-2.20913443593313,,1994-04-01,5.51586237676564,2.75803340053824,-0.451841397050512,-0.995659285616284
1994-07-01,6.13308334415696,2.88293079215281,-0.104867568483767,0.597786321152739,,,,,,,,,,,,,,,,1994-07-01,2.41309245968045,1.55017645470153,0.245582042933066,,-1.44828334415696,,1994-07-01,5.51620530269461,2.75496610814656,-0.444861607196086,-0.820169509254811
1994-10-01,6.08220357051856,2.89932930210033,-0.191229671552877,0.692255226231737,,,,,,,,,,,,,,,,1994-10-01,2.39598062098834,1.55289440685845,0.245556869662042,,-0.689903570518561,,1994-10-01,5.52035137869251,2.75269708472808,-0.435805924369395,-0.67158971547417
1995-01-01,5.98428361384596,2.8639388692857,-0.212573463693276,0.723407491214061,,,,,,,,,,,,,,,,1995-01-01,2.39441679703796,1.55572230729844,0.245535424925471,,0.112516386154036,,1995-01-01,5.52672834194851,2.75032888826715,-0.424304768290241,-0.755325772345941
1995-04-01,5.90690244382645,2.83759818367602,-0.232959889237589,0.595619937115089,,,,,,,,,,,,,,,,1995-04-01,2.39440239043356,1.55886012461448,0.245520452297708,,0.387797556173549,,1995-04-01,5.53833216472361,2.74888056710303,-0.409567135868334,-0.923875014674309
1995-07-01,5.86772788345035,2.85598038206392,-0.311908991382876,0.388638600314948,,,,,,,,,,,,,,,,1995-07-01,2.37829005964512,1.56218610808508,0.245525276660246,,0.201172116549651,,1995-07-01,5.5525017130849,2.74800328510624,-0.393499365722678,-1.00860414934584
1995-10-01,5.90178520607439,2.85728663988151,-0.280678088375824,0.38454303142305,,,,,,,,,,,,,,,,1995-10-01,2.36519355881039,1.56556849500094,0.24556039352295,,0.103114793925606,,1995-10-01,5.56627623892577,2.74679170843157,-0.377103286896872,-1.07623553150529
1996-01-01,5.84493907559083,2.86497920622415,-0.354169034395105,0.219916086897911,,,,,,,,,,,,,,,,1996-01-01,2.35017418335416,1.56904527643668,0.245627592168073,,-0.219439075590832,,1996-01-01,5.5798303772,2.74548019048377,-0.360711347381745,-1.05134574010197
1996-04-01,6.01711764072439,2.92839199064396,-0.319200088556365,0.438621818541151,,,,,,,,,,,,,,,,1996-04-01,2.32376239265974,1.57247805643157,0.245728300283968,,-0.518017640724391,,1996-04-01,5.59073413406053,2.743804745305,-0.346182340546271,-0.818695858265642
1996-07-01,6.01361127194863,2.92964593944893,-0.325419693152317,0.572302172446371,,,,,,,,,,,,,,,,1996-07-01,2.31537377366285,1.57577488215035,0.245857038446739,,-0.453511271948634,,1996-07-01,5.59728102475067,2.74072487688308,-0.332971374504194,-0.687058193159032
1996-10-01,6.14269134741829,2.94303703704781,-0.225314648826504,0.863945055613158,,,,,,,,,,,,,,,,1996-10-01,2.31008698679042,1.57916387681031,0.24600923606752,,-0.601591347418288,,1996-10-01,5.60370965691675,2.73754250089721,-0.319656865910065,-0.564926645382798
1997-01-01,6.01193865588568,2.93433396168926,-0.337236032641498,0.710416336287949,,,,,,,,,,,,,,,,1997-01-01,2.30940019874614,1.5826163694611,0.246181406512657,,-0.503838655885676,,1997-01-01,5.60912710398284,2.73395722396561,-0.306481764179341,-0.471357845366242
1997-04-01,6.25033965784273,2.99294937616152,-0.225664325094589,1.08070519984574,,,,,,,,,,,,,,,,1997-04-01,2.30754654120597,1.58608060570494,0.24637370854452,,-0.456339657842729,,1997-04-01,5.61247311100079,2.73028955064557,-0.295199817042303,-0.173964256201998
1997-07-01,6.14082993706118,3.02102329609731,-0.395919081782493,0.985674555722881,,,,,,,,,,,,,,,,1997-07-01,2.31213603422657,1.5893596417081,0.246579080491947,,-0.333929937061177,,1997-07-01,5.60997407043489,2.72511346307146,-0.286499081222757,0.0601085997286646
1997-10-01,6.13330081287203,3.02218494008472,-0.405961716941516,1.06179151362062,,,,,,,,,,,,,,,,1997-10-01,2.31604690565998,1.59265106987495,0.246796083066675,,-0.35050081287203,,1997-10-01,5.60517621390139,2.71927032162698,-0.27865382138124,0.179692675247452
1998-01-01,6.15463634722001,3.03705614325522,-0.416803796999672,1.10073001712942,,,,,,,,,,,,,,,,1998-01-01,2.32142171289699,1.59600770062967,0.24702498706482,,-0.399036347220012,,1998-01-01,5.5989833768139,2.71318708769767,-0.271684041195911,0.298905159719993
1998-04-01,6.21017366095819,3.04637170204299,-0.381423053998504,1.20014397460466,,,,,,,,,,,,,,,,1998-04-01,2.32823362439091,1.59937058245246,0.247262746077445,,-0.463273660958185,,1998-04-01,5.58992814423982,2.70652892307984,-0.266332648343056,0.436849638240574
1998-07-01,6.37789803963602,3.0771267825269,-0.280245081115468,1.46329490952951,,,,,,,,,,,,,,,,1998-07-01,2.34238472352975,1.60269364118015,0.247507639274558,,-0.582498039636018,,1998-07-01,5.57686688581569,2.69926409928105,-0.263674620557059,0.678849118992048
1998-10-01,6.50585597747033,3.12985255540266,-0.266372706460573,1.676535207602,,,,,,,,,,,,,,,,1998-10-01,2.36726833364425,1.6058587203083,0.247756935605165,,-1.43325597747033,,1998-10-01,5.55748435252923,2.69084057469872,-0.264830725030509,0.986759225412356
1999-01-01,6.51999258492169,3.13175651797179,-0.256355804233524,1.82554167338253,,,,,,,,,,,,,,,,1999-01-01,2.37937061216429,1.60890503768891,0.248009286872143,,-1.56919258492169,,1999-01-01,5.53237566503709,2.68098402126572,-0.268612262855988,1.16569968852298
1999-04-01,6.51079713801753,3.12562829008404,-0.252291278040411,1.89259351035435,,,,,,,,,,,,,,,,1999-04-01,2.38647917923068,1.6120110941507,0.248269017686464,,-1.56979713801753,,1999-04-01,5.50499757302469,2.67074625801526,-0.273838361214768,1.32870004155802
1999-07-01,6.53781312123872,3.1589170058208,-0.297303862163247,1.94352680660108,,,,,,,,,,,,,,,,1999-07-01,2.4095231492966,1.6150989331227,0.248537378669801,,-1.20731312123872,,1999-07-01,5.47370532628375,2.66011338490898,-0.282123694061747,1.63588016453105
1999-10-01,6.71190643769945,3.21142753920755,-0.236830383734967,2.28599017397698,,,,,,,,,,,,,,,,1999-10-01,2.44668231061782,1.61801261897369,0.248815632396241,,-1.18630643769945,,1999-10-01,5.43514820965147,2.64821540848909,-0.294936525375392,1.99639480326039
2000-01-01,6.69497053302935,3.17201820467528,-0.168494212161912,2.428457951067,,,,,,,,,,,,,,,,2000-01-01,2.4479105524048,1.6208383038082,0.249108342695181,,-0.711770533029352,,2000-01-01,5.39068906437111,2.63481741510512,-0.310405718734422,2.11085469923341
2000-04-01,6.68363548117114,3.2490631903188,-0.346535603214107,2.25665660616141,,,,,,,,,,,,,,,,2000-04-01,2.49360724011376,1.62370027959675,0.249425503136953,,-0.10403548117114,,2000-04-01,5.34342311982286,2.62157031707608,-0.329008211678139,2.3578803297753
2000-07-01,6.62275039867636,3.1999607620708,-0.30117514629594,2.23379727380166,,,,,,,,,,,,,,,,2000-07-01,2.48334330185108,1.62646265678392,0.249768129013347,,0.201249601323643,,2000-07-01,5.29002156430808,2.60649322803812,-0.349786666568955,2.22023655739304
2000-10-01,6.64474378410154,3.20161216831639,-0.282754996525546,2.06036426008791,,,,,,,,,,,,,,,,2000-10-01,2.48428805802303,1.62944119600996,0.25013981882642,,0.16655621589846,,2000-10-01,5.23821946866127,2.59207113942879,-0.370382920907456,1.98913980371174
2001-01-01,6.56944005916178,3.14284510656068,-0.230901299750542,1.76563786511895,,,,,,,,,,,,,,,,2001-01-01,2.45945326674309,1.63256028679625,0.250536579942338,,-0.715240059161782,,2001-01-01,5.18649219494085,2.57741281375321,-0.390393194596302,1.54156753656491
2001-04-01,6.54467119747865,3.15090218702671,-0.273103695593803,1.40171015932015,,,,,,,,,,,,,,,,2001-04-01,2.46109037296462,1.63590978402905,0.250953441490848,,-2.05617119747865,,2001-04-01,5.13741517511521,2.56364727531083,-0.409684985680625,1.19437786909623
2001-07-01,6.29969764495912,3.08052170093444,-0.365791241579151,0.922291380629304,,,,,,,,,,,,,,,,2001-07-01,2.43514760374394,1.63941736738523,0.251385997839391,,-2.70019764495912,,2001-07-01,5.08921529829535,2.54964105683984,-0.427578861561586,0.757745524031975
2001-10-01,6.40403149732085,3.05108579691261,-0.197765355798795,1.01988996171747,,,,,,,,,,,,,,,,2001-10-01,2.42937422869748,1.64321205674703,0.251825139995224,,-4.19683149732085,,2001-10-01,5.0457065579667,2.53693362790823,-0.443591861056963,0.551628576484859
2002-01-01,6.3302089445903,3.05498370277868,-0.280022015071487,0.961766977516049,,,,,,,,,,,,,,,,2002-01-01,2.44040285671442,1.64713805316632,0.252270282341349,,-4.5496089445903,,2002-01-01,5.00261318928425,2.52446680810519,-0.459710107693547,0.59999199860863
2002-04-01,6.43247508631623,3.02084233183698,-0.103882370518412,1.46413469053164,,,,,,,,,,,,,,,,2002-04-01,2.44138838521296,1.651192683428,0.252720911605518,,-4.63557508631623,,2002-04-01,4.95980010622473,2.51180350113827,-0.475122918964953,0.684264365575586
2002-07-01,6.29556858451293,2.97994408160007,-0.152295149862208,1.58439796586936,,,,,,,,,,,,,,,,2002-07-01,2.43355557961444,1.65548218426407,0.253168282861297,,-4.50736858451293,,2002-07-01,4.92071749331435,2.49972208944093,-0.488064337876315,0.735624898366041
2002-10-01,6.03611714786,2.92328642072943,-0.289153387851435,1.47878226564512,,,,,,,,,,,,,,,,2002-10-01,2.42015697738858,1.66003817343821,0.253605309277285,,-4.54951714786,,2002-10-01,4.88666836323954,2.48851621749336,-0.49786672594382,0.745183791619979
2003-01-01,5.81271705006911,2.89866291357453,-0.459274291654244,1.35203215076274,,,,,,,,,,,,,,,,2003-01-01,2.41831991305363,1.66484224586593,0.254030972535493,,-4.53191705006911,,2003-01-01,4.85702867418359,2.47841956768091,-0.505659756008276,0.893554594524971
2003-04-01,5.72262467027936,2.88962679917601,-0.529814749416447,1.49562742670639,,,,,,,,,,,,,,,,2003-04-01,2.42458721666203,1.66978672297725,0.254455336616865,,-4.44332467027936,,2003-04-01,4.82782373037947,2.46863811727664,-0.513700054569317,1.23001331700766
2003-07-01,5.92363585622971,2.92769962554107,-0.411183765799501,2.16234790247086,,,,,,,,,,,,,,,,2003-07-01,2.44661978091227,1.67480404453637,0.254890520230521,,-4.88923585622971,,2003-07-01,4.79589049085244,2.45864322111239,-0.524006804893338,1.77159408546811
2003-10-01,5.93728406127158,2.92283950179675,-0.387019452140329,2.6738586478134,,,,,,,,,,,,,,,,2003-10-01,2.45984239632048,1.67986666461771,0.255345629604651,,-4.91878406127158,,2003-10-01,4.75991799053863,2.44753260540645,-0.535938674203614,2.19476952171487
2004-01-01,5.969780806732,2.87786492520061,-0.257208819753748,3.20338989160302,,,,,,,,,,,,,,,,2004-01-01,2.45856808742243,1.68509354340665,0.255812488736435,,-4.947480806732,,2004-01-01,4.72490264216787,2.43639774949417,-0.54686094174524,2.43556753637688
2004-04-01,5.92975821728049,2.86087335425485,-0.260465842103597,3.44495165836008,,,,,,,,,,,,,,,,2004-04-01,2.46323230444258,1.69051368642405,0.256283386753431,,-4.89715821728049,,2004-04-01,4.69233574512132,2.42594211674388,-0.5568044292967,2.68319981154923
2004-07-01,5.7514859568251,2.86163117276321,-0.440377834830306,3.40321859928827,,,,,,,,,,,,,,,,2004-07-01,2.47329761309816,1.69606166154196,0.256762942417055,,-4.2814859568251,,2004-07-01,4.65935864084086,2.41555103177081,-0.567297789545723,2.98491609331165
2004-10-01,5.79191278517118,2.86228753544935,-0.401371213389011,3.73563722292317,,,,,,,,,,,,,,,,2004-10-01,2.48640825710558,1.70170717199762,0.257257736793919,,-3.78781278517118,,2004-10-01,4.62448670086729,2.40489167578854,-0.579105513215953,3.30300190170419
2005-01-01,5.90132675195572,2.8713424224612,-0.311549787935399,4.13882326273483,,,,,,,,,,,,,,,,2005-01-01,2.50182379364817,1.70744286905582,0.257772440798551,,-3.35462675195572,,2005-01-01,4.58720849124816,2.39384695350478,-0.592485668938907,3.5840259337557
2005-04-01,5.68087109557063,2.84610182393616,-0.477391016865803,3.94962206048922,,,,,,,,,,,,,,,,2005-04-01,2.50523486636994,1.7132578537982,0.258308740851749,,-2.65247109557063,,2005-04-01,4.54796001729418,2.38230022141011,-0.606749863629562,3.70493367218637
2005-07-01,5.57052778331332,2.8591117320458,-0.615884560265253,3.76278273242042,,,,,,,,,,,,,,,,2005-07-01,2.51716160689979,1.719176235264,0.258864517003813,,-1.99792778331332,,2005-07-01,4.50771067389245,2.37094339029761,-0.622425826638066,3.85077064376355
2005-10-01,5.63906713314519,2.85210051011387,-0.532174656090548,3.88240834423641,,,,,,,,,,,,,,,,2005-10-01,2.52826038255886,1.72512860490198,0.259448371950993,,-1.52496713314519,,2005-10-01,4.46342646327868,2.35893297889813,-0.640722470379087,3.95509279382816
2006-01-01,5.73224302487726,2.8996423511168,-0.541867578025492,3.90993012035142,,,,,,,,,,,,,,,,2006-01-01,2.5566092475012,1.73113283513663,0.260065030602889,,-1.09914302487726,,2006-01-01,4.41453845109117,2.34644899912602,-0.662598230581642,4.11239779040261
2006-04-01,5.77860321644141,2.86725633994649,-0.425432049069776,3.97327442985329,,,,,,,,,,,,,,,,2006-04-01,2.55886026888886,1.737128415152,0.260722309225077,,-0.681403216441411,,2006-04-01,4.36023978770935,2.3326099463125,-0.686952598261614,3.99990622209111
2006-07-01,5.59311679650836,2.84789669944805,-0.569028983676165,3.43605498707564,,,,,,,,,,,,,,,,2006-07-01,2.55969941161828,1.74314978536156,0.261408707576827,,-0.12711679650836,,2006-07-01,4.30524921488332,2.31897866290705,-0.712448437120747,3.8135145523438
2006-10-01,5.52152329488926,2.8816042319863,-0.713557268860704,2.95985734450244,,,,,,,,,,,,,,,,2006-10-01,2.57935831860105,1.74919076713133,0.262131878076819,,-0.0594232948892639,,2006-10-01,4.2465919931472,2.30520243173519,-0.74129729368725,3.73276868264452
2007-01-01,5.66542210282795,2.86158975174337,-0.526352063960554,2.98865259650245,,,,,,,,,,,,,,,,2007-01-01,2.58746710173499,1.75518735253965,0.262910367194874,,-0.185922102827946,,2007-01-01,4.18174551741682,2.29025762833409,-0.773806902272257,3.56224872612677
2007-04-01,5.43001401645015,2.87725073489869,-0.795646653764825,2.26987339214759,,,,,,,,,,,,,,,,2007-04-01,2.60588459234771,1.76118070737917,0.263746758989696,,0.0355859835498489,,2007-04-01,4.11284795667681,2.27502370510662,-0.809742011898791,3.45301194363526
2007-07-01,5.44307046642157,2.8815009822051,-0.791786690277287,2.04459272304734,,,,,,,,,,,,,,,,2007-07-01,2.62755057909833,1.76719332021627,0.264656962831974,,-0.146970466421569,,2007-07-01,4.03813791017153,2.25896084919857,-0.849696001496992,3.34170321315037
2007-10-01,5.54463339775865,2.88645988167251,-0.700953593850788,2.00353025337665,,,,,,,,,,,,,,,,2007-10-01,2.64912444340664,1.77327637163178,0.265646302787395,,-0.880533397758654,,2007-10-01,3.95892589143578,2.24225475206928,-0.892760148033389,3.16337902337921
2008-01-01,5.21892364853332,2.81328243623396,-0.868325406625949,1.34976256569598,,,,,,,,,,,,,,,,2008-01-01,2.63086637018198,1.77941043300702,0.266704689623427,,-1.95402364853332,,2008-01-01,3.87851481757158,2.2251301817616,-0.936117876992418,2.72779212817125
2008-04-01,5.05898234667355,2.81947770107504,-1.04167173300961,0.834680654677641,,,,,,,,,,,,,,,,2008-04-01,2.64098891973005,1.78573328475794,0.267794760341991,,-2.91708234667355,,2008-04-01,3.80148810666627,2.20925659155867,-0.978798055277949,2.3936317608742
2008-07-01,4.77127590301071,2.73789795583323,-1.15285973659426,0.419516992257286,,,,,,,,,,,,,,,,2008-07-01,2.60873042359502,1.79222571071083,0.268903865004405,,-2.76677590301071,,2008-07-01,3.72769988739631,2.19341816532016,-1.01831582807092,1.77737775153605
2008-10-01,4.0173875028613,2.55445012837307,-1.50981230122452,-0.741192083532269,,,,,,,,,,,,,,,,2008-10-01,2.54997312074478,1.79871085868222,0.269951446810081,,-3.4744875028613,,2008-10-01,3.66825631035354,2.17986626585074,-1.04843643839754,0.797014001454272
2009-01-01,3.84173009720491,2.44926696122147,-1.45787928559377,-1.16214105528309,,,,,,,,,,,,,,,,2009-01-01,2.54629493643228,1.80520267079085,0.270876092161415,,-3.65193009720491,,2009-01-01,3.62689418004198,2.17059650079606,-1.06974108431154,0.100136288857811
2009-04-01,4.07353280678469,2.3943636169247,-1.10727928556384,-0.75102754680006,,,,,,,,,,,,,,,,2009-04-01,2.56149411968342,1.81177132205345,0.271724668727578,,-3.89233280678469,,2009-04-01,3.59414338010699,2.16353530958852,-1.08721320872047,-0.141632714679758
2009-07-01,3.97171905858026,2.36730492499795,-1.15054470078059,-0.72342532012226,,,,,,,,,,,,,,,,2009-07-01,2.57629343109892,1.81844571310263,0.272551914910321,,-3.81481905858026,,2009-07-01,3.56445554999173,2.15737081585326,-1.10356259539253,-0.036919297065424
2009-10-01,4.21502802884914,2.37475746031729,-0.923361178137197,0.0173740787946599,,,,,,,,,,,,,,,,2009-10-01,2.58595116791112,1.82530138998749,0.273395152438676,,-4.09462802884914,,2009-10-01,3.53516692820217,2.15159705227481,-1.12035821739117,0.319045786122615
2010-01-01,3.90086301039429,2.33375494064919,-1.14880686081044,-0.0200739422073184,,,,,,,,,,,,,,,,2010-01-01,2.59971288165068,1.83229363754975,0.274276010551365,,-3.76216301039429,,2010-01-01,3.50548265125636,2.14552706219822,-1.13690853349371,0.615784644962559
2010-04-01,3.76530282819479,2.33278557615042,-1.2822695774113,0.138631650435855,,,,,,,,,,,,,,,,2010-04-01,2.60898075911795,1.83946698380124,0.275178525845877,,-3.57060282819479,,2010-04-01,3.47818356272641,2.14028957407213,-1.15287498999344,0.99285149357263
2010-07-01,3.59980855775478,2.31668926786392,-1.41293540825116,0.294799601352679,,,,,,,,,,,,,,,,2010-07-01,2.61911646863941,1.84684946335366,0.276114544418551,,-3.40860855775478,,2010-07-01,3.45115561686897,2.13507504099852,-1.16861997289039,1.30176449054909
2010-10-01,3.53724256855376,2.28517484919,-1.40731197116993,0.605294770469754,,,,,,,,,,,,,,,,2010-10-01,2.63290160996867,1.85438810221995,0.277069669692888,,-3.34504256855376,,2010-10-01,3.42682040727503,2.13031877800455,-1.18266380290465,1.46915349823212
2011-01-01,3.45513699220892,2.20758614152585,-1.32153472802373,0.855491059563974,,,,,,,,,,,,,,,,2011-01-01,2.65991523388559,1.86196614241703,0.278025027360891,,-3.29733699220892,,2011-01-01,3.4076692289275,2.1264242892006,-1.19338826838935,1.45579903135808
2011-04-01,3.56029568159227,2.20502310675181,-1.2108302637812,1.21176906923381,,,,,,,,,,,,,,,,2011-04-01,2.6735401037018,1.86964543489057,0.278969335467308,,-3.46569568159227,,2011-04-01,3.39422767721154,2.12412852057012,-1.20186234323674,1.57814604180237
2011-07-01,3.41383819769035,2.14938972906345,-1.23691084509877,1.26731814695984,,,,,,,,,,,,,,,,2011-07-01,2.6989548139865,1.87736819123834,0.279933385050471,,-3.32873819769035,,2011-07-01,3.38238023201103,2.12194307245754,-1.20898101794942,1.64353960913968
2011-10-01,3.44344862689038,2.1799489442852,-1.27342301759315,1.45803843544786,,,,,,,,,,,,,,,,2011-10-01,2.69677699486645,1.88521804256715,0.280915585543567,,-3.36724862689038,,2011-10-01,3.37295465637545,2.12080309857181,-1.21593997136839,1.93888263367319
2012-01-01,3.64904162758623,2.17046810896846,-1.0473158285312,2.12862726954609,,,,,,,,,,,,,,,,2012-01-01,2.70251643740342,1.89321331001191,0.28194888767882,,-3.54124162758623,,2012-01-01,3.36149349320261,2.11902780214111,-1.22355983109397,2.16894374413641
2012-04-01,3.44362557124519,2.14764631565,-1.20335115507934,2.0711256173571,,,,,,,,,,,,,,,,2012-04-01,2.71675968671354,1.90125877499838,0.283014316073989,,-3.28682557124519,,2012-04-01,3.35207337266477,2.11747237687676,-1.22961439513849,2.25818876208041
2012-07-01,3.23466199272587,2.10963411107776,-1.33006570186737,1.94493790525507,,,,,,,,,,,,,,,,2012-07-01,2.73874787598313,1.90930921950968,0.284095394167777,,-3.08636199272587,,2012-07-01,3.34699428029006,2.11666413882492,-1.23294465979011,2.22955297332476
2012-10-01,3.21212959334134,2.07314934880692,-1.27365407778648,2.05942023592843,,,,,,,,,,,,,,,,2012-10-01,2.76087110301441,1.91735150554311,0.285188099989844,,-3.04882959334134,,2012-10-01,3.34668722740474,2.11687430472169,-1.23370645982063,2.20034723317235
2013-01-01,3.20331416977369,2.09266533229547,-1.32469727433599,2.11239378434652,,,,,,,,,,,,,,,,2013-01-01,2.76321790491776,1.92548687427729,0.286306790205864,,-3.05691416977369,,2013-01-01,3.34888140764282,2.1178425910637,-1.23360741231598,2.31294521677194
2013-04-01,3.05144265211583,2.05476900954756,-1.39457049993826,2.06921212635825,,,,,,,,,,,,,,,,2013-04-01,2.78217998134472,1.93363397550267,0.287470565195557,,-2.93274265211583,,2013-04-01,3.35161523122859,2.11858817080594,-1.23248683933137,2.33101542373743
2013-07-01,3.16071653698929,2.06413664253153,-1.30556586151383,2.34817926769449,,,,,,,,,,,,,,,,2013-07-01,2.78540788841896,1.94181675633135,0.288671431525593,,-3.07401653698929,,2013-07-01,3.35723612614432,2.12019563836939,-1.23034410760351,2.4623680285315
2013-10-01,3.25482667941103,2.07048409442429,-1.22519003884584,2.66913995472498,,,,,,,,,,,,,,,,2013-10-01,2.79053740283068,1.95007204719947,0.289927307696244,,-3.16812667941103,,2013-10-01,3.36268128659893,2.1216388852422,-1.22802177728132,2.5844575809366
2014-01-01,2.97522465576205,2.00811526950155,-1.36984131396969,2.42205605370816,,,,,,,,,,,,,,,,2014-01-01,2.82145556659938,1.95821075871406,0.291232823378202,,-2.90142465576205,,2014-01-01,3.37010891363097,2.12314127357565,-1.22384494791023,2.56337456616961
2014-04-01,3.2054572285913,2.06050317368227,-1.25296323982804,2.79101243705747,,,,,,,,,,,,,,,,2014-04-01,2.80948540040677,1.96641276355034,0.292586926907078,,-3.1130572285913,,2014-04-01,3.37971888675603,2.12585826811645,-1.22011388059226,2.87496007245488
2014-07-01,3.23777083979264,2.09415835429869,-1.29347113555037,3.02086287774489,,,,,,,,,,,,,,,,2014-07-01,2.80232585275622,1.97476745529604,0.294028790862904,,-3.14677083979264,,2014-07-01,3.38367413389306,2.12729859867983,-1.2192751534136,3.21935411932088
2014-10-01,3.11896241707242,2.08272775604122,-1.38754656397663,3.06257286083076,,,,,,,,,,,,,,,,2014-10-01,2.81029028270902,1.98313069366644,0.295549733640762,,-3.01536241707242,,2014-10-01,3.38546358989467,2.12807676728451,-1.21916946227063,3.42719690033096
2015-01-01,3.10135274113944,2.10345926222173,-1.45001410408421,3.15233315850651,,,,,,,,,,,,,,,,2015-01-01,2.81291563890294,1.9915536843584,0.297138301782784,,-2.98515274113944,,2015-01-01,3.38744252419766,2.12909476862749,-1.2193932316967,3.64388522418062
2015-04-01,3.33126196138936,2.09762240496657,-1.20747536489443,3.71049846410506,,,,,,,,,,,,,,,,2015-04-01,2.82222760942655,2.00004347432997,0.298798070464786,,-3.20346196138936,,2015-04-01,3.38845859408374,2.12975482402268,-1.21980535882667,3.74889271457357
2015-07-01,3.26672063605455,2.0808186963257,-1.23565761080305,3.71974826367955,,,,,,,,,,,,,,,,2015-07-01,2.83771560033738,2.00853322241762,0.300519083279552,,-3.12902063605455,,2015-07-01,3.39111408341988,2.13057175361982,-1.21891750357315,3.72305186945675
2015-10-01,3.16673245120224,2.05512925934394,-1.28006019252476,3.60788407461564,,,,,,,,,,,,,,,,2015-10-01,2.85778673549029,2.01699239860143,0.302295445249918,,-3.00353245120224,,2015-10-01,3.39692210185923,2.13193109573835,-1.21605076608025,3.6231778677294
2016-01-01,3.37592025724127,2.05515731458066,-1.07093309109576,3.94967506014871,,,,,,,,,,,,,,,,2016-01-01,2.8727856594314,2.02546897769612,0.304131380923728,,-3.00432025724127,,2016-01-01,3.40547838876314,2.13394904713144,-1.21186082809059,3.57715353452306
2016-04-01,3.4734765077449,2.03802750348852,-0.936312155922486,4.14384524080992,,,,,,,,,,,,,,,,2016-04-01,2.89278956337411,2.03393546452734,0.306038113508542,,-3.0976765077449,,2016-04-01,3.41517109863494,2.13601540803471,-1.20663921336872,3.50055249450577
2016-07-01,3.46586221851582,2.04289281646241,-0.954453781981276,4.09973999881129,,,,,,,,,,,,,,,,2016-07-01,2.90861695158418,2.04239742547656,0.308020925719947,,-3.06426221851582,,2016-07-01,3.42657973160041,2.13846507121278,-1.20053104710155,3.4752711152446
2016-10-01,3.39725409430031,2.05216475279135,-1.04312408869612,3.97128270307621,,,,,,,,,,,,,,,,2016-10-01,2.9229680156933,2.05088303723853,0.310092260866167,,-2.94075409430031,,2016-10-01,3.43815724584736,2.14088584565521,-1.19419149145686,3.48368904488973
2017-01-01,3.39959691638586,2.05498234906821,-1.04687784975245,3.98880218603949,,,,,,,,,,,,,,,,2017-01-01,2.93878782606795,2.05937101017296,0.312260077279257,,-2.68339691638586,,2017-01-01,3.44987991720498,2.14323179493918,-1.1875448755206,3.49050737817481
2017-04-01,3.24553720605072,2.05156857924506,-1.19355100448875,3.72899439894252,,,,,,,,,,,,,,,,2017-04-01,2.95642019179279,2.06782918564832,0.314530592670773,,-2.27483720605072,,2017-04-01,3.46204511721531,2.14559764863578,-1.18049879916945,3.49132143502425
2017-07-01,3.25297537439766,2.06934837746115,-1.22458393257275,3.68684914638379,,,,,,,,,,,,,,,,2017-07-01,2.96804342566659,2.0762964933032,0.316914113615731,,-2.07447537439766,,2017-07-01,3.47389018790236,2.14806671404601,-1.17399617682388,3.57683224744517
2017-10-01,3.44811822568681,2.09684064975856,-1.08892757521365,3.97827837638044,,,,,,,,,,,,,,,,2017-10-01,2.97699097348794,2.08481895463903,0.319426362758831,,-2.22221822568681,,2017-10-01,3.48293890728159,2.15007139991193,-1.16928510303119,3.72552492193608
2018-01-01,3.56371919585397,2.12218966072178,-1.0281756102682,4.16288612673156,,,,,,,,,,,,,,,,2018-01-01,2.98870337720432,2.09339327805575,0.322077561049658,,-2.08491919585398,,2018-01-01,3.48854274130885,2.15134536874069,-1.16643782321594,3.85735301219381
2018-04-01,3.59113908020611,2.13053896372386,-1.0188215575425,4.20442143428829,,,,,,,,,,,,,,,,2018-04-01,3.00483948289702,2.10198179307977,0.324871137863585,,-1.81483908020611,,2018-04-01,3.49187826755531,2.15203358395634,-1.16459142488897,3.89574791665518
2018-07-01,3.44973567256786,2.13768653056923,-1.17569053627515,3.8934927675374,,,,,,,,,,,,,,,,2018-07-01,3.02215857362844,2.11057046071244,0.327807573206335,,-1.48063567256786,,2018-07-01,3.49452334689432,2.15253824617437,-1.16303831007166,3.85270689792935
2018-10-01,3.42955552945529,2.13175061184845,-1.18302681587825,3.75060852614979,,,,,,,,,,,,,,,,2018-10-01,3.04026177680661,2.11914668282391,0.330887695268758,,-1.15325552945529,,2018-10-01,3.49688704250746,2.15296709220615,-1.16160253145972,3.74837499401713
2019-01-01,3.34457752518797,2.15877402870454,-1.32647682658394,3.40761518606564,,,,,,,,,,,,,,,,2019-01-01,3.05292253181838,2.12776737282662,0.334108582131006,,-0.87797752518797,,2019-01-01,3.49855082276872,2.15343764115105,-1.16095690301406,3.68647083356529
2019-04-01,3.49840875724849,2.15339804891837,-1.16101330071157,3.53683329319676,,,,,,,,,,,,,,,,2019-04-01,3.05118901804693,2.12780074860973,0.334102989611145,,-1.03880875724849,,2019-04-01,3.49840875724849,2.15339804891837,-1.16101330071157,3.53683329319676
